epoch,step,val/acc,val/f1,val/loss
0,0,0.8453608155250549,0.837122917175293,0.471891850233078
