epoch,step,val/acc,val/f1,val/loss
0,0,0.8105263113975525,0.8136807084083557,0.45727795362472534
