epoch,step,val/acc,val/f1,val/loss
0,0,0.8105263113975525,0.7950883507728577,0.501326322555542
