epoch,step,val/acc,val/f1,val/loss
0,0,0.8556700944900513,0.8401508927345276,0.5115967392921448
